{
    "exact": 0.0,
    "f1": 0.8350767950440557,
    "total": 375,
    "HasAns_exact": 0.0,
    "HasAns_f1": 0.8350767950440557,
    "HasAns_total": 375
}