{"exact": 26.4, "f1": 47.34987391285367, "total": 375, "HasAns_exact": 26.4, "HasAns_f1": 47.34987391285367, "HasAns_total": 375}