{
    "exact": 6.4,
    "f1": 38.053233273740425,
    "total": 375,
    "HasAns_exact": 6.4,
    "HasAns_f1": 38.053233273740425,
    "HasAns_total": 375
}