{"exact": 26.666666666666668, "f1": 48.582662702375636, "total": 375, "HasAns_exact": 26.666666666666668, "HasAns_f1": 48.582662702375636, "HasAns_total": 375}