{
    "exact": 26.666666666666668,
    "f1": 47.75657102434468,
    "total": 375,
    "HasAns_exact": 26.666666666666668,
    "HasAns_f1": 47.75657102434468,
    "HasAns_total": 375
}