{
    "exact": 6.4,
    "f1": 38.388886876567675,
    "total": 375,
    "HasAns_exact": 6.4,
    "HasAns_f1": 38.388886876567675,
    "HasAns_total": 375
}