{"exact": 27.466666666666665, "f1": 51.447743646031626, "total": 375, "HasAns_exact": 27.466666666666665, "HasAns_f1": 51.447743646031626, "HasAns_total": 375}