{
    "exact": 27.466666666666665,
    "f1": 51.42188917419915,
    "total": 375,
    "HasAns_exact": 27.466666666666665,
    "HasAns_f1": 51.42188917419915,
    "HasAns_total": 375
}