{"exact": 28.0, "f1": 49.7875264981734, "total": 375, "HasAns_exact": 28.0, "HasAns_f1": 49.7875264981734, "HasAns_total": 375}