{"exact": 24.533333333333335, "f1": 44.749494508901485, "total": 375, "HasAns_exact": 24.533333333333335, "HasAns_f1": 44.749494508901485, "HasAns_total": 375}