{"exact": 27.2, "f1": 46.071743356243495, "total": 375, "HasAns_exact": 27.2, "HasAns_f1": 46.071743356243495, "HasAns_total": 375}