{"exact": 25.866666666666667, "f1": 47.75260741777945, "total": 375, "HasAns_exact": 25.866666666666667, "HasAns_f1": 47.75260741777945, "HasAns_total": 375}