{
    "exact": 5.866666666666666,
    "f1": 38.82905453424953,
    "total": 375,
    "HasAns_exact": 5.866666666666666,
    "HasAns_f1": 38.82905453424953,
    "HasAns_total": 375
}