{"exact": 6.133333333333334, "f1": 39.51890920303305, "total": 375, "HasAns_exact": 6.133333333333334, "HasAns_f1": 39.51890920303305, "HasAns_total": 375}